-- ============================================================
-- مستشفى الأهلي - بيانات تجريبية شاملة للعرض
-- Al-Ahli Hospital - Full Demo Seed Data
-- تاريخ التحديث: 2026-05-18
-- ============================================================

USE ahli_hospital;
SET NAMES utf8mb4;

SET FOREIGN_KEY_CHECKS = 0;

DELETE FROM AppointmentService;
DELETE FROM Reminder;
DELETE FROM Feedback;
DELETE FROM InvoiceItem;
DELETE FROM Invoice;
DELETE FROM LabTest;
DELETE FROM InsurancePolicy;
DELETE FROM InsuranceProvider;
DELETE FROM Appointment;
DELETE FROM Service;
DELETE FROM Patient;
DELETE FROM Doctor;
DELETE FROM Department;
DELETE FROM AdminUser;

ALTER TABLE Reminder AUTO_INCREMENT = 1;
ALTER TABLE Feedback AUTO_INCREMENT = 1;
ALTER TABLE InvoiceItem AUTO_INCREMENT = 1;
ALTER TABLE Invoice AUTO_INCREMENT = 1;
ALTER TABLE LabTest AUTO_INCREMENT = 1;
ALTER TABLE InsurancePolicy AUTO_INCREMENT = 1;
ALTER TABLE InsuranceProvider AUTO_INCREMENT = 1;
ALTER TABLE Appointment AUTO_INCREMENT = 1;
ALTER TABLE Service AUTO_INCREMENT = 1;
ALTER TABLE Patient AUTO_INCREMENT = 1;
ALTER TABLE Doctor AUTO_INCREMENT = 1;
ALTER TABLE Department AUTO_INCREMENT = 1;
ALTER TABLE AdminUser AUTO_INCREMENT = 1;

SET FOREIGN_KEY_CHECKS = 1;

-- ============================================================
-- المستخدمون الإداريون
-- ============================================================
INSERT INTO AdminUser (username, password_hash, role, last_login) VALUES
('admin',   '$2y$10$92IXUNpkjO0rOQ5byMi.Ye4oKoEa3Ro9llC/.og/at2.uheWG/igi', 'super_admin', '2026-05-17 08:30:00'),
('support', '$2y$10$92IXUNpkjO0rOQ5byMi.Ye4oKoEa3Ro9llC/.og/at2.uheWG/igi', 'support',     '2026-05-16 14:15:00'),
('reception','$2y$10$92IXUNpkjO0rOQ5byMi.Ye4oKoEa3Ro9llC/.og/at2.uheWG/igi', 'admin',      '2026-05-18 09:00:00');

-- ============================================================
-- الأقسام الطبية (13 قسماً)
-- ============================================================
INSERT INTO Department (name, location, working_hours) VALUES
-- 1
('مركز الأهلي للقلب والشرايين',       'الطابق الأول - جناح أ',   '08:00 - 20:00'),
-- 2
('قسم الأطفال وحديثي الولادة',         'الطابق الثاني - جناح ب',  '08:00 - 20:00'),
-- 3
('قسم الأشعة والتصوير الطبي',          'الطابق الأرضي',            '08:00 - 20:00'),
-- 4
('قسم الجهاز الهضمي والتنظير',         'الطابق الأول - جناح ب',   '08:00 - 17:00'),
-- 5
('الأقسام الجراحية',                   'الطابق الثالث',            '24/7'),
-- 6
('قسم الأمراض الباطنية والتحاليل',     'الطابق الثاني - جناح أ',  '08:00 - 20:00'),
-- 7
('قسم النسائية والتوليد',               'الطابق الرابع',            '24/7'),
-- 8
('قسم الإسعاف والطوارئ',               'الطابق الأرضي - المدخل الرئيسي', '24/7'),
-- 9
('قسم العيون',                          'الطابق الثالث - جناح أ',  '08:00 - 18:00'),
-- 10
('قسم العظام والمفاصل',                 'الطابق الثاني - جناح ج',  '08:00 - 18:00'),
-- 11
('قسم الأنف والأذن والحنجرة',           'الطابق الثالث - جناح ب',  '08:00 - 17:00'),
-- 12
('قسم الأمراض الجلدية والتجميل',        'الطابق الرابع - جناح أ',  '09:00 - 17:00'),
-- 13
('قسم الأعصاب والجراحة العصبية',        'الطابق الثاني - جناح د',  '08:00 - 17:00'),
-- 14
('قسم أمراض الدم والأورام',              'الطابق الثاني - جناح هـ', '08:00 - 17:00'),
-- 15
('قسم الصدرية والرئتين',                 'الطابق الثالث - جناح ج',  '08:00 - 17:00'),
-- 16
('قسم الروماتيزم والمناعة',              'الطابق الأول - جناح ج',   '08:00 - 17:00'),
-- 17
('قسم الكلى والمسالك البولية',            'الطابق الثاني - جناح و',  '08:00 - 17:00'),
-- 18
('قسم جراحة الأوردة والشرايين',          'الطابق الثالث - جناح د',  '08:00 - 17:00'),
-- 19
('قسم جراحة التجميل والحروق',            'الطابق الأول - جناح د',   '08:00 - 17:00'),
-- 20
('قسم طب الأسنان',                       'الطابق الأرضي - جناح ب',  '08:00 - 17:00'),
-- 21
('قسم علاج الألم التداخلي',              'الطابق الثاني - جناح ز',  '08:00 - 15:00');

-- ============================================================
-- الأطباء (موزعون على الأقسام - 31 طبيباً أصليون + أطباء الموقع الرسمي)
-- ============================================================
INSERT INTO Doctor (full_name, specialty, phone, email, department_id) VALUES
-- قسم القلب والشرايين (1)
('د. أنس يحيى شاور',              'القلب والقسطرة القلبية',            '0599100001', 'anas.shawer@ahli.org',         1),
('د. بشر مرزوق مرزوقة',           'جراحة القلب المفتوح',               '0599100002', 'bishr.marzoqa@ahli.org',       1),
('د. طارق علي موسى',               'أمراض القلب والشرايين',             '0599100003', 'tariq.musa@ahli.org',          1),

-- قسم الأطفال (2)
('د. باسل أمين الغروز',            'طب الأطفال العام',                  '0599100004', 'basel.gharoz@ahli.org',        2),
('د. شهاب وليد القواسمي',          'الأطفال وحديثي الولادة',            '0599100005', 'shehab.qawasmi@ahli.org',      2),
('د. رنا يوسف جابر',               'طب الأطفال والرضّع',               '0599100006', 'rana.jaber@ahli.org',          2),

-- قسم الأشعة (3)
('د. إبراهيم عادل الزعتري',        'الأشعة التشخيصية',                  '0599100007', 'ibrahim.zaatari@ahli.org',     3),
('د. سمر خالد العمري',             'الأشعة التداخلية والتصوير',         '0599100008', 'samar.omari@ahli.org',         3),

-- قسم الجهاز الهضمي (4)
('د. أحمد أكرم أبو عياش',          'الجهاز الهضمي والكبد',             '0599100009', 'ahmad.abuayyash@ahli.org',     4),
('د. رائد سليم شاور',              'الجهاز الهضمي والمناظير',           '0599100010', 'raed.shawer@ahli.org',         4),

-- الأقسام الجراحية (5)
('د. عامر أحمد أبو رميلة',         'الجراحة العامة',                    '0599100011', 'amer.aburmila@ahli.org',       5),
('د. باسم ناصر الجعفري',           'جراحة المناظير والمرارة',           '0599100012', 'bassem.jaafari@ahli.org',      5),
('د. منير سالم العزة',             'جراحة العظام والكسور',              '0599100013', 'muneer.azza@ahli.org',         5),

-- قسم الباطنية (6)
('د. أمجد ناصر النتشة',            'الأمراض الباطنية',                  '0599100014', 'amjad.natsha@ahli.org',        6),
('د. سلوى إبراهيم نزال',           'الغدد الصماء والسكري والسمنة',      '0599100015', 'salwa.nazzal@ahli.org',        6),
('د. خالد عمر الشيوخي',            'الأمراض الباطنية وأمراض الكلى',     '0599100016', 'khalid.shyoukhi@ahli.org',     6),

-- قسم النسائية والتوليد (7)
('د. بسام غالب ناصر الدين',        'النسائية والتوليد',                 '0599100017', 'bassam.nasreddine@ahli.org',   7),
('د. عبد الناصر محمد أبو ريان',    'النسائية وجراحة المنظار النسائي',   '0599100018', 'abdnasser.aburian@ahli.org',   7),
('د. ميسون هاني الربيع',           'النسائية وأمراض الخصوبة',           '0599100019', 'maisoon.rabee@ahli.org',       7),

-- قسم الطوارئ (8)
('د. حسام محمد العزة',             'طب الطوارئ والإسعاف',               '0599100020', 'hossam.azza@ahli.org',         8),
('د. يسرى عوض الله ربايعة',        'طب الطوارئ والعناية المركزة',       '0599100021', 'yusra.rabaya@ahli.org',        8),

-- قسم العيون (9)
('د. يوسف نادر الخطيب',            'طب وجراحة العيون',                  '0599100022', 'yousef.khateeb@ahli.org',      9),
('د. لينا فارس الشرباتي',          'طب العيون وعمليات الليزك',          '0599100023', 'lina.sharbati@ahli.org',       9),

-- قسم العظام (10)
('د. محمد رفيق النتشة',            'جراحة العظام والمفاصل والتقويم',    '0599100024', 'mohammad.natsha@ahli.org',    10),
('د. رامي سالم أبو حديد',          'العظام وإعادة التأهيل الحركي',      '0599100025', 'rami.abuhaded@ahli.org',      10),

-- قسم الأنف والأذن والحنجرة (11)
('د. فادي أيوب الجعبري',           'الأنف والأذن والحنجرة',             '0599100026', 'fadi.jaabari@ahli.org',       11),
('د. هالة منير الهاشم',            'الأذن والسمع وزراعة القوقعة',       '0599100027', 'hala.hashem@ahli.org',        11),

-- قسم الجلدية (12)
('د. سارة أحمد الطويل',            'الجلدية والتجميل الجراحي',          '0599100028', 'sara.taweel@ahli.org',        12),
('د. عمر بسام النمرة',             'الجلدية والليزر وعلاج الشعر',       '0599100029', 'omar.namra@ahli.org',         12),

-- قسم الأعصاب (13)
('د. ناصر حسن الشيوخي',            'الأعصاب السريري والصرع',            '0599100030', 'nasser.shyoukhi@ahli.org',    13),
('د. دانا وليد قاسم',              'الجراحة العصبية والعمود الفقري',    '0599100031', 'dana.qasim@ahli.org',         13),

-- أطباء إضافيون من الموقع الرسمي ahli.org (دوام العيادات الخارجية)
-- قسم القلب والشرايين (1) - أطباء إضافيون
('د. باجس عبد الرحمن عمرو',       'القلب والقسطرة القلبية',            '0599100032', 'bajis.amro@ahli.org',          1),
('د. محمد علي نصر',               'أمراض القلب',                       '0599100033', 'mohammad.nasr@ahli.org',       1),

-- قسم الأطفال (2) - أطباء إضافيون
('د. طاهر محمد عيد الشريف',       'طب الأطفال العام',                  '0599100034', 'taher.sharif@ahli.org',        2),
('د. علي محمد أبو ريش',           'طب الأطفال',                        '0599100035', 'ali.aburesh@ahli.org',         2),
('د. مطيع حسن أبو عواد',          'طب الأطفال',                        '0599100036', 'mutee.abuawad@ahli.org',       2),

-- قسم الجهاز الهضمي (4) - أطباء إضافيون
('د. بدوي محمد بدوي التميمي',     'الجهاز الهضمي والكبد',             '0599100037', 'badawi.tamimi@ahli.org',       4),
('د. حازم عبد الحفيظ الاشهب',    'الجهاز الهضمي والمناظير',           '0599100038', 'hazem.ashhab@ahli.org',        4),

-- الأقسام الجراحية (5) - أطباء إضافيون
('د. فهمي عبد الرحمن جبران',      'الجراحة العامة',                    '0599100039', 'fahmi.jibran@ahli.org',        5),
('د. رفيق محمد عاطف سلهب',        'الجراحة العامة',                    '0599100040', 'rafiq.slhab@ahli.org',         5),
('د. محمد جميل الهشلمون',          'الجراحة العامة',                    '0599100041', 'mohammad.hashlamoun@ahli.org', 5),
('د. مراد رافع الجعافرة',          'الجراحة العامة',                    '0599100042', 'murad.jaafra@ahli.org',        5),

-- قسم الباطنية (6) - أطباء إضافيون
('د. عبدالودود أحمد أبوتركي',      'الأمراض الباطنية',                  '0599100043', 'abdulwadood.abuturki@ahli.org',6),
('د. محمد ماجد الدويك',            'الأمراض الباطنية',                  '0599100044', 'mohammad.dweik@ahli.org',      6),

-- قسم النسائية والتوليد (7) - أطباء إضافيون
('د. ممدوح محمد دريدي',            'النسائية والتوليد',                 '0599100045', 'mamdoh.dareedi@ahli.org',      7),
('د. ضرار إسماعيل سميرات',        'النسائية والتوليد',                 '0599100046', 'dirar.smeirat@ahli.org',       7),
('د. عبد الفتاح عبد الحافظ نوفل', 'النسائية والتوليد',                 '0599100047', 'abdulfatah.nofal@ahli.org',    7),
('د. عمرو كرم أبو زينة',           'النسائية والتوليد',                 '0599100048', 'amro.abuzina@ahli.org',        7),

-- قسم العيون (9) - أطباء إضافيون
('د. أمجد شهاب مجاهد',            'طب وجراحة العيون',                  '0599100049', 'amjad.mujahid@ahli.org',       9),

-- قسم العظام والمفاصل (10) - أطباء إضافيون
('د. مراد ماهر النتشة',            'جراحة العظام والمفاصل',             '0599100050', 'murad.natsha@ahli.org',       10),
('د. مراد إبراهيم قباجة',          'جراحة العظام والمفاصل',             '0599100051', 'murad.qabaja@ahli.org',       10),
('د. باسم عبد الله مجاهد',         'جراحة العظام',                      '0599100052', 'bassem.mujahid@ahli.org',     10),
('د. محمد الجنيدي',                'جراحة العظام والمفاصل',             '0599100053', 'mohammad.juneidi@ahli.org',   10),
('د. منذر برهان قفيشة',            'جراحة العظام والمفاصل',             '0599100054', 'mundher.qafisha@ahli.org',    10),

-- قسم الأنف والأذن والحنجرة (11) - أطباء إضافيون
('د. معتز محمد فوزي الكركي',      'الأنف والأذن والحنجرة',             '0599100055', 'muataz.karaki@ahli.org',      11),
('د. نبيل إسحق عاشور',             'الأنف والأذن والحنجرة',             '0599100056', 'nabil.ashour@ahli.org',       11),

-- قسم الجلدية (12) - أطباء إضافيون
('د. محمد صلاح الشريف',            'الأمراض الجلدية',                   '0599100057', 'mohammad.sharif@ahli.org',    12),

-- قسم الأعصاب (13) - أطباء إضافيون
('د. شريف عبد الحليم أبو عوض',    'الدماغ والأعصاب السريري',           '0599100058', 'shareef.abuawad@ahli.org',    13),
('د. شريف عيسى بصل',              'الجراحة العصبية',                   '0599100059', 'shareef.basal@ahli.org',      13),
('د. سعيد محمد صبحي اتكيدك',      'الجراحة العصبية',                   '0599100060', 'said.atkidak@ahli.org',       13),
('د. محمد زياد العويوي',            'الجراحة العصبية',                   '0599100061', 'mohammad.uwaiwi@ahli.org',    13),

-- قسم أمراض الدم والأورام (14) - جديد
('د. عز الدين غازي اقطيط',        'أمراض الدم والهيماتولوجيا',         '0599100062', 'ezzeddin.aqtait@ahli.org',    14),
('د. هاني محمد حور',               'الأورام والعلاج الكيميائي',         '0599100063', 'hani.hor@ahli.org',           14),
('د. نضال عيد الجبريني',           'الأورام وطب السرطان',               '0599100064', 'nidal.jabrine@ahli.org',      14),

-- قسم الصدرية والرئتين (15) - جديد
('د. محمود إبراهيم الهور',         'الصدرية وأمراض الرئة',              '0599100065', 'mahmoud.hor@ahli.org',        15),
('د. سفيان محمد أبو عوض',         'طب الرئة والجهاز التنفسي',          '0599100066', 'sufian.abuawad@ahli.org',     15),

-- قسم الروماتيزم والمناعة (16) - جديد
('د. سائد إسماعيل العطاونة',       'الروماتيزم والمناعة',               '0599100067', 'said.atauna@ahli.org',        16),
('د. روند أديب العارضة',           'الروماتيزم وأمراض المناعة',         '0599100068', 'rawnd.arida@ahli.org',        16),

-- قسم الكلى والمسالك البولية (17) - جديد
('د. بلال يوسف الشوامرة',          'أمراض الكلى',                       '0599100069', 'bilal.shawamra@ahli.org',     17),
('د. أحمد نادي عطاونة',            'أمراض الكلى',                       '0599100070', 'ahmad.atauna@ahli.org',       17),
('د. مهند حسن علامة',              'المسالك البولية',                   '0599100071', 'muhannad.alama@ahli.org',     17),
('د. خضر رسمي حسونة',             'المسالك البولية',                   '0599100072', 'khedr.hasuna@ahli.org',       17),

-- قسم جراحة الأوردة والشرايين (18) - جديد
('د. رجائي محمد الحسيني',          'جراحة الأوردة والشرايين الطرفية',   '0599100073', 'rajae.husseini@ahli.org',     18),

-- قسم جراحة التجميل والحروق (19) - جديد
('د. إسماعيل محمد دبابسة',         'جراحة التجميل والحروق',             '0599100074', 'ismail.dababsa@ahli.org',     19),
('د. رشاد مرشد الزرو',             'جراحة التجميل',                     '0599100075', 'rashad.zaro@ahli.org',        19),

-- قسم طب الأسنان (20) - جديد
('د. فاطمة عبد المجيد الناظر',    'طب الأسنان العام',                  '0599100076', 'fatima.nazer@ahli.org',       20),

-- قسم علاج الألم التداخلي (21) - جديد
('د. أحمد إسماعيل أرزيقات',       'علاج الألم التداخلي',               '0599100077', 'ahmad.arziqat@ahli.org',      21);

-- ============================================================
-- المرضى (20 مريضاً بأسماء فلسطينية واقعية)
-- ============================================================
INSERT INTO Patient (full_name, national_id, phone, email, date_of_birth, gender, created_at) VALUES
-- 1
('محمد خالد الجعبري',     '401234567', '0597000001', 'm.jaabari@gmail.com',         '1991-05-14', 'Male',   '2025-11-10 09:10:00'),
-- 2
('آية سامر القواسمي',      '402345678', '0597000002', 'aya.qawasmi@gmail.com',       '1996-11-03', 'Female', '2025-12-05 11:25:00'),
-- 3
('ليان فادي النتشة',       '403456789', '0597000003', 'layan.netsha@gmail.com',      '2001-07-21', 'Female', '2026-01-08 15:40:00'),
-- 4
('أحمد يوسف التميمي',      '404567890', '0597000004', 'ahmad.tamimi@yahoo.com',      '1988-01-30', 'Male',   '2026-01-15 08:15:00'),
-- 5
('مريم نايف الشوامرة',     '405678901', '0597000005', 'mariam.shawareh@gmail.com',   '1993-09-12', 'Female', '2026-01-20 10:55:00'),
-- 6
('عمر سعيد الشيوخي',      '406789012', '0597000006', 'omar.shyoukhi@hotmail.com',   '1985-03-25', 'Male',   '2026-02-03 12:30:00'),
-- 7
('سمر محمود جابر',         '407890123', '0597000007', 'samar.jaber@gmail.com',       '1999-08-16', 'Female', '2026-02-10 09:45:00'),
-- 8
('فراس هشام العبادلة',     '408901234', '0597000008', 'firas.abadla@gmail.com',      '1978-12-04', 'Male',   '2026-02-18 14:00:00'),
-- 9
('نور إبراهيم الجعفري',    '409012345', '0597000009', 'nour.jaafari@gmail.com',      '2003-04-09', 'Female', '2026-02-25 16:20:00'),
-- 10
('يوسف طارق أبو حديد',     '410123456', '0597000010', 'yousef.abuhaded@gmail.com',   '1995-06-30', 'Male',   '2026-03-02 10:05:00'),
-- 11
('رنا وليد الطميزي',        '411234567', '0597000011', 'rana.tamizi@yahoo.com',       '2000-02-14', 'Female', '2026-03-09 13:50:00'),
-- 12
('إيهاب سليم الرجبي',      '412345678', '0597000012', 'ihab.rajabi@gmail.com',       '1983-10-07', 'Male',   '2026-03-15 08:30:00'),
-- 13
('خالد عصام الشواورة',     '413456789', '0597000013', 'khalid.shawahrah@gmail.com',  '1975-07-19', 'Male',   '2026-03-22 11:00:00'),
-- 14
('هلا أنور ربايعة',         '414567890', '0597000014', 'hala.rabaya@gmail.com',       '1990-11-28', 'Female', '2026-03-28 14:40:00'),
-- 15
('محمود كمال النمرة',       '415678901', '0597000015', 'mahmoud.namra@hotmail.com',   '1972-05-03', 'Male',   '2026-04-04 09:15:00'),
-- 16
('دانا سامي عوض الله',      '416789012', '0597000016', 'dana.awadalla@gmail.com',     '2005-01-22', 'Female', '2026-04-10 10:30:00'),
-- 17
('بلال فاروق حمدان',        '417890123', '0597000017', 'bilal.hamdan@gmail.com',      '1987-09-11', 'Male',   '2026-04-16 15:00:00'),
-- 18
('أمل رزق الله قاسم',       '418901234', '0597000018', 'amal.qasim@gmail.com',        '1994-03-17', 'Female', '2026-04-22 08:45:00'),
-- 19
('مصطفى جمال الكيلاني',    '419012345', '0597000019', 'mustafa.kilani@gmail.com',    '1980-06-08', 'Male',   '2026-04-28 12:20:00'),
-- 20
('تسنيم عاطف الفاخوري',    '420123456', '0597000020', 'tasnim.fakhouri@yahoo.com',   '1998-12-25', 'Female', '2026-05-05 11:10:00');

-- ============================================================
-- الخدمات الطبية (موزعة على الأقسام)
-- ============================================================
INSERT INTO Service (name, description, base_cost, department_id) VALUES
-- ---- قسم القلب والشرايين (1) ----
('استشارة قلبية وعائية',           'فحص طبي متخصص وتقييم حالة القلب والشرايين',                           180.00,  1),
('تخطيط القلب ECG',                'تسجيل النشاط الكهربائي للقلب',                                        70.00,   1),
('إيكو قلب مع دوبلر',              'تصوير صدى القلب الشامل مع فحص تدفق الدم',                             420.00,  1),
('اختبار إجهاد قلبي تريدميل',      'فحص القلب تحت الجهد الجسدي على جهاز المشي',                           280.00,  1),
('هولتر مانيتور 24 ساعة',          'مراقبة ضربات القلب على مدار 24 ساعة',                                 380.00,  1),
('مانيتور ضغط الدم هولتر',         'قياس ضغط الدم المستمر على مدى 24 ساعة',                               230.00,  1),
('قسطرة قلبية تشخيصية',           'تصوير الشرايين التاجية والقلب بالقسطرة',                              2500.00,  1),
('قسطرة قلبية علاجية - دعامة',    'تركيب دعامة لفتح الشريان التاجي المسدود',                             8000.00,  1),
('فحص تروبونين كشف جلطة',          'مؤشر تلف عضلة القلب للكشف عن الجلطة',                                 115.00,  1),

-- ---- قسم الأطفال (2) ----
('استشارة طب الأطفال',             'فحص وتشخيص الأطفال من صفر إلى 18 سنة',                                130.00,  2),
('متابعة حديث الولادة',            'زيارة متابعة المولود الجديد مع الفحص الشامل',                         110.00,  2),
('تطعيمات الأطفال',                'حقنة تطعيم وفق الجدول الوطني للتطعيمات',                              85.00,   2),
('فحص سمع حديث الولادة',          'اختبار السمع الأولي للمواليد',                                        120.00,  2),
('فحص أطفال عام وتطور',           'تقييم النمو والتطور الحركي والمعرفي',                                  120.00,  2),

-- ---- قسم الأشعة (3) ----
('أشعة سينية',                     'تصوير أشعة بسيط للأجزاء المختلفة',                                   80.00,   3),
('أشعة مقطعية CT',                 'تصوير مقطعي تشخيصي',                                                  800.00,  3),
('رنين مغناطيسي MRI',              'تصوير بالرنين المغناطيسي',                                           1200.00,  3),
('سونار عام للبطن والحوض',         'فحص بالموجات الصوتية لأعضاء البطن والحوض',                           260.00,  3),
('سونار حمل',                      'متابعة الحمل وتقييم الجنين',                                         220.00,  3),
('ماموغرام - كشف مبكر',            'تصوير الثدي للكشف المبكر عن التغيرات',                               320.00,  3),
('فحص كثافة العظام DEXA',          'قياس كثافة المعادن في العظام',                                       290.00,  3),
('سونار الغدة الدرقية',            'فحص الغدة الدرقية بالموجات الصوتية',                                 240.00,  3),

-- ---- قسم الجهاز الهضمي (4) ----
('استشارة جهاز هضمي وكبد',         'فحص وتشخيص أمراض الجهاز الهضمي والكبد',                              165.00,  4),
('تنظير علوي - معدة',              'فحص المريء والمعدة والاثني عشر بالمنظار',                             620.00,  4),
('تنظير سفلي - قولون',             'فحص القولون والمستقيم بالمنظار',                                     720.00,  4),
('تنظير مع أخذ خزعة',             'أخذ عينة نسيجية أثناء التنظير',                                      900.00,  4),
('فحص هيليكوباكتر بالتنفس',        'اختبار التنفس للكشف عن بكتيريا المعدة',                               210.00,  4),
('استئصال بوليب بالمنظار',         'إزالة الأورام البوليبية خلال التنظير',                               1600.00,  4),

-- ---- الأقسام الجراحية (5) ----
('استشارة جراحية',                  'تقييم جراحي ومناقشة خيارات العلاج',                                  185.00,  5),
('استئصال الزائدة الدودية',         'عملية إزالة الزائدة الدودية الملتهبة',                               3600.00,  5),
('استئصال المرارة بالمنظار',        'إزالة المرارة عبر الجراحة بالمنظار',                                 4900.00,  5),
('إصلاح فتق جراحي',                'علاج الفتق البطني أو الإربي جراحياً',                                 4300.00,  5),
('جراحة عظام وكسور',               'علاج الكسور وإصلاح العظام جراحياً',                                  8500.00,  5),
('استئصال الغدة الدرقية',           'إزالة كاملة أو جزئية للغدة الدرقية',                                 6500.00,  5),
('إصلاح رباط الركبة',               'إعادة بناء الرباط الصليبي الأمامي بالمنظار',                        12500.00,  5),

-- ---- قسم الباطنية والتحاليل (6) ----
('استشارة أمراض باطنية',           'فحص وتشخيص في العيادة الباطنية',                                     150.00,  6),
('متابعة ضغط الدم المزمن',         'مراقبة وضبط علاج ضغط الدم المرتفع',                                  105.00,  6),
('متابعة مرض السكري',              'متابعة مريض السكري ومراجعة العلاج',                                   125.00,  6),
('استشارة أمراض الكلى',            'متابعة وظائف الكلى وعلاج اضطراباتها',                                165.00,  6),
('استشارة أمراض الرئة',            'تقييم ومتابعة الأمراض الرئوية',                                      165.00,  6),
('علاج وريدي - تقطير',             'إعطاء الأدوية أو السوائل عن طريق الوريد',                            95.00,   6),
-- تحاليل مخبرية
('تحليل دم شامل CBC',              'عد الكريات الكاملة: حمراء، بيضاء، وصفائح',                          60.00,   6),
('فحص سكر صائم',                   'قياس مستوى السكر في الدم بعد الصيام',                                42.00,   6),
('فحص هيموغلوبين سكري HbA1c',     'متوسط مستوى السكر خلال ثلاثة أشهر',                                  95.00,   6),
('فحص وظائف الكلى الكامل',         'كرياتينين ويوريا وأملاح لتقييم الكلى',                               125.00,  6),
('فحص وظائف الكبد الكامل',         'إنزيمات وبروتينات لتقييم صحة الكبد',                                125.00,  6),
('فحص دهنيات الدم - كوليسترول',    'كوليسترول إجمالي وثلاثيات والـ LDL والـ HDL',                       105.00,  6),
('فحص هرمونات الدرقية TSH/FT4',   'تقييم نشاط الغدة الدرقية الكامل',                                   135.00,  6),
('فحص حديد وفيريتين',              'مستوى الحديد والمخزون في الجسم',                                     110.00,  6),
('فحص فيتامين D3',                 'قياس مستوى فيتامين D في الدم',                                       105.00,  6),
('تحليل بول شامل',                  'فحص البول الكامل للكشف عن الالتهابات والسكر',                        55.00,   6),
('فحص فيروس كبد C - HCV',          'الكشف عن فيروس الكبد الوبائي C',                                     125.00,  6),
('فحص فيروس كبد B - HBsAg',        'الكشف عن فيروس الكبد الوبائي B',                                     95.00,   6),
('زراعة بكتيريا ومضادات حيوية',     'تحديد البكتيريا ومعرفة الأدوية المناسبة',                           140.00,  6),
('فحص CRP - بروتين التهابي',        'قياس مستوى البروتين التفاعلي C للكشف عن الالتهاب',                   85.00,   6),

-- ---- قسم النسائية والتوليد (7) ----
('استشارة نسائية',                  'فحص وتشخيص الأمراض النسائية',                                       165.00,  7),
('متابعة حمل دورية',               'زيارة متابعة الحمل الشهرية',                                         155.00,  7),
('سونار حمل تشخيصي شامل',          'تصوير شامل لتقييم الجنين والمشيمة',                                  230.00,  7),
('ولادة طبيعية',                   'متابعة وإجراء الولادة الطبيعية',                                    2000.00,  7),
('ولادة قيصرية',                   'إجراء ولادة قيصرية مع الرعاية اللازمة',                             4000.00,  7),
('منظار رحمي تشخيصي',              'فحص الرحم من الداخل بالمنظار',                                     1850.00,  7),
('تركيب لولب - جهاز داخل الرحم',   'تركيب وسيلة منع الحمل',                                              420.00,  7),
('فحص عنق الرحم PAP Smear',        'مسحة للكشف عن تغيرات عنق الرحم',                                    185.00,  7),
('فحص حمل β-HCG',                  'تأكيد الحمل بقياس هرمون الحمل',                                      55.00,   7),

-- ---- قسم الطوارئ (8) ----
('كشف طوارئ عام',                  'فحص طارئ وتقييم أولي',                                               155.00,  8),
('خياطة جروح بسيطة',               'إغلاق الجروح الصغيرة بالغرز الجراحية',                               210.00,  8),
('خياطة جروح معقدة',               'إغلاق الجروح العميقة أو الكبيرة',                                    520.00,  8),
('تجبير كسور - جبيرة',             'تثبيت الكسور بالجبيرة المناسبة',                                     390.00,  8),
('حقنة وريدية وتقطير طارئ',         'إعطاء أدوية وريدية في حالة الطوارئ',                                 85.00,   8),

-- ---- قسم العيون (9) ----
('فحص عيون شامل',                  'فحص النظر وتشخيص أمراض العيون',                                      140.00,  9),
('قياس ضغط العين',                 'فحص ضغط العين للكشف عن الزرق',                                      80.00,   9),
('عملية ليزك لتصحيح النظر',         'تصحيح بصر بالليزر للتخلص من النظارة',                              5500.00,  9),
('عملية ساد - إزالة ماء أبيض',     'إزالة عتامة العدسة مع تركيب عدسة داخل العين',                       6800.00,  9),
('حقن داخل العين Anti-VEGF',       'علاج ضعف البقعة والأوعية الدموية',                                  1800.00,  9),

-- ---- قسم العظام والمفاصل (10) ----
('استشارة عظام ومفاصل',            'تقييم إصابات وأمراض العظام والمفاصل',                                170.00, 10),
('حقن مفصل - بلازما أو كورتيزون', 'حقن علاجي داخل المفصل',                                              650.00, 10),
('تركيب مفصل ركبة صناعي',          'استبدال مفصل الركبة التالف بمفصل اصطناعي',                         18000.00, 10),
('جراحة رباط ركبة',                'إعادة بناء الرباط الصليبي',                                         12500.00, 10),
('جبس وعلاج كسور',                 'علاج الكسور بالتجبير والمتابعة',                                     350.00, 10),

-- ---- قسم الأنف والأذن والحنجرة (11) ----
('فحص أنف وأذن وحنجرة',           'فحص وتشخيص أمراض الأذن والأنف والحنجرة',                             145.00, 11),
('عملية اللوزتين والزوائد',         'استئصال اللوزتين أو الزوائد الأنفية',                               3200.00, 11),
('علاج التهاب الأذن الوسطى',       'تركيب أنابيب تهوية في طبلة الأذن',                                  2800.00, 11),
('فحص سمع - أوديومتري',            'قياس حدة السمع وتشخيص فقدانه',                                      200.00, 11),
('عملية انحراف الحاجز الأنفي',     'إصلاح انحراف الحاجز الأنفي جراحياً',                               4500.00, 11),

-- ---- قسم الجلدية (12) ----
('فحص جلدية عام',                  'تشخيص ومتابعة الأمراض الجلدية',                                      155.00, 12),
('علاج حب الشباب بالليزر',          'علاج متقدم لحب الشباب والندبات',                                    600.00, 12),
('إزالة وشم أو بقعة جلدية',        'إزالة الوشم أو التصبغات بالليزر',                                   800.00, 12),
('علاج الصدفية والأكزيما',          'علاج متخصص للأمراض الجلدية المزمنة',                                180.00, 12),
('حقن بوتوكس وفيلر تجميلي',        'حقن تجميلية لتنعيم التجاعيد والملء',                               1200.00, 12),

-- ---- قسم الأعصاب (13) ----
('استشارة أعصاب سريري',            'تشخيص ومتابعة الأمراض العصبية',                                      175.00, 13),
('فحص تخطيط الأعصاب EMG',          'قياس نشاط العضلات والأعصاب الحركية',                                 350.00, 13),
('فحص تخطيط الدماغ EEG',           'تسجيل النشاط الكهربائي للدماغ',                                     320.00, 13),
('علاج الصداع النصفي المزمن',       'خطة علاج متكاملة للصداع النصفي',                                    210.00, 13),
('جراحة عصبية - ديسك',             'علاج انزلاق الغضروف وضغط الأعصاب',                                 15000.00, 13),

-- ---- قسم أمراض الدم والأورام (14) ----
('استشارة أمراض الدم',            'تشخيص ومتابعة أمراض الدم والأنيميا',                                 175.00, 14),
('استشارة الأورام',               'تقييم ومتابعة الأورام والعلاج الكيميائي',                            195.00, 14),
('علاج كيميائي - جلسة',          'جلسة علاج كيميائي للأورام',                                          1200.00, 14),
('فحص الأورام الشاملة',           'تحاليل تشخيصية متكاملة للكشف عن الأورام',                            350.00, 14),

-- ---- قسم الصدرية والرئتين (15) ----
('استشارة صدرية ورئوية',          'تشخيص ومتابعة أمراض الجهاز التنفسي',                                 160.00, 15),
('فحص وظائف الرئة - سبيرومتري',  'قياس سعة الرئة ووظائفها التنفسية',                                   230.00, 15),
('تنظير قصبي تشخيصي',            'فحص القصبات الهوائية بالمنظار',                                       850.00, 15),
('علاج الربو والتحسس',            'إدارة الربو والحساسية التنفسية',                                      145.00, 15),

-- ---- قسم الروماتيزم والمناعة (16) ----
('استشارة روماتيزم',              'تشخيص ومتابعة أمراض الروماتيزم والمفاصل المناعية',                  170.00, 16),
('فحوصات مناعية روماتيزم',        'تحاليل RF وCCP وANA للروماتيزم',                                     220.00, 16),
('حقن كورتيزون موضعي',            'حقن علاجي للمفاصل الملتهبة',                                         450.00, 16),

-- ---- قسم الكلى والمسالك البولية (17) ----
('استشارة أمراض الكلى',           'تشخيص ومتابعة أمراض الكلى',                                          165.00, 17),
('استشارة مسالك بولية',           'تشخيص ومتابعة أمراض المسالك البولية',                                165.00, 17),
('سونار الكلى والمسالك',          'فحص الكلى والمثانة بالموجات الصوتية',                                 260.00, 17),
('تفتيت حصوات الكلى',             'تفتيت الحصوات بالموجات الصوتية خارجياً',                             2800.00, 17),
('منظار مسالك بولية',             'فحص المثانة والحالب بالمنظار',                                        980.00, 17),

-- ---- قسم جراحة الأوردة والشرايين (18) ----
('استشارة جراحة الأوردة والشرايين','تقييم أمراض الأوردة والشرايين الطرفية',                             185.00, 18),
('سونار دوبلر الأوردة',            'فحص دوبلر للأوردة والشرايين',                                        350.00, 18),
('علاج دوالي الأوردة',             'إجراء علاجي لدوالي الأوردة بالليزر أو الحقن',                       3500.00, 18),

-- ---- قسم جراحة التجميل والحروق (19) ----
('استشارة تجميلية',               'تقييم الحالة واقتراح الإجراء التجميلي',                               200.00, 19),
('علاج حروق متخصص',               'تنظيف وعلاج الحروق مع المتابعة',                                     800.00, 19),
('عملية تجميلية ترميمية',         'إعادة تشكيل وترميم الأنسجة',                                        6000.00, 19),

-- ---- قسم طب الأسنان (20) ----
('كشف وفحص الأسنان',              'فحص شامل للفم والأسنان والتوجيه',                                     80.00, 20),
('حشو أسنان',                      'علاج التسوس وحشو الأسنان',                                           150.00, 20),
('خلع سن',                          'إزالة السن بالطريقة المناسبة',                                       120.00, 20),
('تنظيف وجير أسنان',               'تنظيف الأسنان وإزالة الجير المتراكم',                                180.00, 20),
('تركيب تاج أو جسر',               'تركيب تاج أو جسر أسنان ثابت',                                      1200.00, 20),
('علاج عصب - جذر',                 'علاج جذر السن تحت التخدير',                                         650.00, 20),

-- ---- قسم علاج الألم التداخلي (21) ----
('استشارة علاج الألم',            'تقييم الألم المزمن ووضع خطة علاجية',                                 175.00, 21),
('حقن فقرية إبرية',                'حقن الكورتيزون أو المخدر في الفضاء الفوق جافوي',                  1200.00, 21),
('حصار عصبي تشخيصي',              'حقن حصار العصب للتشخيص والعلاج',                                     900.00, 21),
('تردد حراري على العصب',           'علاج بالتردد الحراري لإيقاف ألم العصب',                             2500.00, 21);

-- ============================================================
-- المواعيد (40 موعداً - ماضية ومستقبلية)
-- ============================================================
INSERT INTO Appointment (patient_id, doctor_id, department_id, appointment_datetime, status, reason, created_at) VALUES
-- مواعيد مكتملة (ماضية)
(1,  1,  1, '2026-02-10 09:00:00', 'Completed', 'متابعة ألم صدر متكرر وضيق تنفس',         '2026-02-07 10:00:00'),
(1,  1,  1, '2026-03-18 10:00:00', 'Completed', 'متابعة نتائج تحليل الكوليسترول',          '2026-03-15 11:00:00'),
(2,  4,  2, '2026-02-12 10:30:00', 'Completed', 'فحص روتيني للطفل متابعة نمو',             '2026-02-10 09:00:00'),
(2,  5,  2, '2026-03-05 11:00:00', 'Completed', 'حرارة مستمرة عند الطفل',                  '2026-03-03 08:30:00'),
(3, 14,  6, '2026-02-20 11:00:00', 'Completed', 'متابعة ضغط دم مرتفع وسكري',              '2026-02-17 09:20:00'),
(3, 14,  6, '2026-04-08 11:00:00', 'Completed', 'متابعة دورية للباطنية',                   '2026-04-05 10:00:00'),
(4,  9,  4, '2026-03-10 13:00:00', 'Completed', 'ألم معدة مزمن وحرقة مستمرة',              '2026-03-07 12:00:00'),
(4,  9,  4, '2026-04-07 13:00:00', 'Completed', 'متابعة بعد تنظير المعدة',                 '2026-04-04 12:05:00'),
(5, 17,  7, '2026-02-25 12:00:00', 'Completed', 'متابعة حمل - الشهر السادس',               '2026-02-22 08:35:00'),
(5, 17,  7, '2026-03-25 12:00:00', 'Completed', 'متابعة حمل - الشهر السابع',               '2026-03-22 09:00:00'),
(6, 14,  6, '2026-03-15 09:30:00', 'Completed', 'فحص دوري وضغط دم',                        '2026-03-12 10:00:00'),
(7, 17,  7, '2026-03-20 14:00:00', 'Completed', 'استشارة نسائية دورية',                    '2026-03-18 09:30:00'),
(8, 11,  5, '2026-03-28 10:00:00', 'Completed', 'استشارة جراحية لفتق إربي',                '2026-03-25 11:00:00'),
(9, 15,  6, '2026-04-02 09:00:00', 'Completed', 'متابعة السكري والوزن',                    '2026-03-30 08:00:00'),
(10,22,  9, '2026-04-05 10:00:00', 'Completed', 'ضعف بصر وحرقة في العينين',                '2026-04-02 09:30:00'),
(11,18,  7, '2026-04-10 11:30:00', 'Completed', 'متابعة حمل الشهر الثامن',                 '2026-04-07 10:00:00'),
(12,24, 10, '2026-04-12 09:00:00', 'Completed', 'ألم ركبة مزمن وصعوبة في المشي',           '2026-04-09 08:45:00'),
(13,13,  5, '2026-04-15 14:00:00', 'Completed', 'استشارة جراحية عظام وكسر قديم',           '2026-04-12 12:00:00'),
(14, 3,  1, '2026-04-18 09:30:00', 'Completed', 'دوخة وخفقان متكرر',                       '2026-04-15 11:00:00'),
(15,30, 13, '2026-04-20 10:00:00', 'Completed', 'صداع نصفي مزمن وتنميل في الأطراف',        '2026-04-17 09:00:00'),

-- مواعيد ملغاة
(1,  2,  1, '2026-04-01 14:00:00', 'Cancelled', 'استشارة جراحة قلب',                       '2026-03-28 16:00:00'),
(3,  7,  3, '2026-04-03 09:30:00', 'NoShow',    'أشعة سينية للصدر',                        '2026-03-31 14:45:00'),
(6, 26, 11, '2026-04-22 11:00:00', 'Cancelled', 'التهاب أذن وسطى',                         '2026-04-19 10:00:00'),

-- مواعيد محجوزة (مستقبلية - من 2026-05-19 فصاعداً)
(1,  1,  1, '2026-05-20 09:00:00', 'Booked',   'متابعة ألم صدر ونتائج هولتر',             '2026-05-17 10:30:00'),
(2,  6,  2, '2026-05-20 10:30:00', 'Booked',   'فحص نمو وتطعيمات للطفل',                  '2026-05-17 11:00:00'),
(3, 14,  6, '2026-05-21 11:00:00', 'Booked',   'متابعة ضغط وسكر دورية',                   '2026-05-18 09:00:00'),
(4,  9,  4, '2026-05-22 13:00:00', 'Booked',   'تنظير قولون وقائي',                        '2026-05-18 12:00:00'),
(5, 17,  7, '2026-05-23 12:00:00', 'Booked',   'متابعة حمل الشهر الثامن والنصف',           '2026-05-19 08:00:00'),
(6, 15,  6, '2026-05-25 09:00:00', 'Booked',   'متابعة السكري وفحص HbA1c',                '2026-05-18 14:00:00'),
(7, 19,  7, '2026-05-26 10:00:00', 'Booked',   'استشارة نسائية تخصصية',                   '2026-05-19 09:30:00'),
(8, 11,  5, '2026-05-27 14:00:00', 'Booked',   'موعد عملية استئصال فتق',                   '2026-05-18 11:00:00'),
(9, 15,  6, '2026-05-28 09:30:00', 'Booked',   'متابعة نتائج تحاليل وزن وهرمونات',        '2026-05-19 10:00:00'),
(10,22,  9, '2026-05-29 10:00:00', 'Booked',   'متابعة بعد نظارة وقياس ضغط العين',        '2026-05-19 09:00:00'),
(11,17,  7, '2026-06-01 11:00:00', 'Booked',   'متابعة ما قبل الولادة',                   '2026-05-19 10:30:00'),
(12,24, 10, '2026-06-03 09:00:00', 'Booked',   'متابعة حقن مفصل الركبة',                  '2026-05-19 08:30:00'),
(13, 1,  1, '2026-06-05 09:30:00', 'Booked',   'فحص قلب وإيكو بعد تعب مجهود',             '2026-05-19 11:00:00'),
(14,14,  6, '2026-06-08 10:00:00', 'Booked',   'استشارة باطنية ومتابعة دم',               '2026-05-19 13:00:00'),
(15,30, 13, '2026-06-10 10:30:00', 'Booked',   'متابعة صداع نصفي وعلاج وقائي',            '2026-05-19 09:45:00'),
(16,28, 12, '2026-06-12 11:00:00', 'Booked',   'علاج حب شباب وتشقق جلد',                  '2026-05-19 10:00:00'),
(17,25, 10, '2026-06-15 14:00:00', 'Booked',   'فحص عظام وآلام ظهر مزمنة',               '2026-05-19 11:30:00'),
(18,18,  7, '2026-06-18 09:00:00', 'Booked',   'منظار رحمي تشخيصي',                       '2026-05-19 14:00:00'),
(19, 9,  4, '2026-06-20 13:30:00', 'Booked',   'تنظير معدة - حرقة مستمرة',               '2026-05-19 15:00:00'),
(20,23,  9, '2026-06-22 10:00:00', 'Booked',   'استشارة عيون وضعف بصر',                   '2026-05-19 11:00:00');

-- ============================================================
-- خدمات المواعيد
-- ============================================================
INSERT INTO AppointmentService (appointment_id, service_id, notes) VALUES
(1,  3,  'إيكو قلب مع دوبلر قبل تقييم حالة الشرايين'),
(1,  2,  'تخطيط قلب كهربائي'),
(2,  5,  'هولتر مانيتور 24 ساعة لرصد النبضات'),
(3,  10, 'استشارة أطفال مع متابعة منحنى النمو'),
(3,  12, 'تطعيمات روتينية للأطفال'),
(4,  10, 'استشارة طب أطفال لحالة حمى'),
(5,  37, 'استشارة باطنية دورية - ضغط وسكر'),
(6,  37, 'متابعة نتائج تحاليل الباطنية'),
(7,  24, 'تنظير علوي للجهاز الهضمي - معدة'),
(8,  26, 'تنظير علوي متابعة بعد العلاج'),
(9,  62, 'متابعة حمل دورية مع سونار'),
(10, 62, 'سونار حمل شامل - الشهر السابع'),
(24, 5,  'هولتر مانيتور وتقييم نبضات القلب'),
(25, 14, 'استشارة أطفال مع تطعيم رباعي'),
(26, 37, 'متابعة باطنية ضغط وسكر دورية'),
(27, 24, 'تنظير قولون مع أخذ خزعة وقائي'),
(28, 63, 'سونار حمل + متابعة الشهر الثامن'),
(29, 38, 'متابعة سكري مع HbA1c');

-- ============================================================
-- التحاليل المخبرية ونتائجها
-- ============================================================
INSERT INTO LabTest (patient_id, ordered_by_doctor_id, test_name, test_date, result_text, status) VALUES
-- مريض 1 - محمد الجعبري (قلب)
(1,  1,  'Troponin Test',              '2026-02-10', 'القيم ضمن الحدود الطبيعية - لا مؤشر جلطة', 'Ready'),
(1,  1,  'Lipid Panel - كوليسترول',   '2026-02-10', 'الكوليسترول الكلي 240 mg/dL، LDL 165 - مرتفع - توصية بعلاج',  'Ready'),
(1,  1,  'CBC - دم شامل',             '2026-03-18', 'الهيموغلوبين 14.8، خلايا الدم البيضاء والصفائح طبيعية', 'Ready'),
(1,  1,  'Holter ECG Report',          '2026-05-19', NULL, 'Pending'),

-- مريضة 2 - آية القواسمي (أطفال)
(2,  4,  'CBC - دم شامل للطفل',        '2026-02-12', 'الهيموغلوبين 12.1، لا التهاب، صفائح طبيعية', 'Ready'),
(2,  5,  'CRP - بروتين التهابي',        '2026-03-05', '42 mg/L - مرتفع قليلاً - نصيحة بمتابعة المضاد الحيوي', 'Ready'),
(2,  5,  'Urine Analysis',              '2026-03-05', 'لا مؤشرات التهاب، بيلة بروتينية طبيعية', 'Ready'),
(2,  4,  'Vitamin D3',                  '2026-05-20', NULL, 'Pending'),

-- مريضة 3 - ليان النتشة (باطنية)
(3, 14,  'HbA1c - سكر تراكمي',        '2026-02-20', '7.4% مرتفع قليلاً - توصية بتعديل نظام غذائي', 'Ready'),
(3, 14,  'Kidney Function Panel',       '2026-02-20', 'الكرياتينين 0.9 mg/dL، اليوريا ضمن الطبيعي', 'Ready'),
(3, 14,  'Fasting Blood Sugar',         '2026-04-08', '128 mg/dL - مرتفع فوق الطبيعي', 'Ready'),
(3, 14,  'Lipid Profile',               '2026-05-21', NULL, 'Pending'),

-- مريض 4 - أحمد التميمي (هضمي)
(4,  9,  'H. pylori Antigen',          '2026-03-10', 'موجب - تأكيد وجود بكتيريا المعدة، بدء علاج ثلاثي', 'Ready'),
(4,  9,  'Stool Culture',               '2026-04-07', 'لا نمو بكتيري مرضي - سلبي بعد العلاج', 'Ready'),
(4,  9,  'Liver Function Panel',        '2026-04-07', 'إنزيمات الكبد ضمن الحدود الطبيعية', 'Ready'),
(4,  9,  'CBC',                         '2026-05-22', NULL, 'Pending'),

-- مريضة 5 - مريم الشوامرة (نسائية)
(5, 17,  'β-HCG Pregnancy',            '2026-02-01', '45000 mIU/mL - حمل مؤكد الشهر الخامس', 'Ready'),
(5, 17,  'CBC - حمل',                   '2026-02-25', 'فقر دم خفيف 10.8 g/dL - توصية بحديد', 'Ready'),
(5, 17,  'Thyroid Profile TSH/FT4',    '2026-03-25', 'TSH 2.1 mIU/L - طبيعي', 'Ready'),
(5, 17,  'Fasting Blood Sugar - حمل',  '2026-05-23', NULL, 'Pending'),

-- مريض 6 - عمر الشيوخي (باطنية)
(6, 14,  'Fasting Blood Sugar',         '2026-03-15', '115 mg/dL - ما قبل السكري', 'Ready'),
(6, 14,  'HbA1c',                       '2026-03-15', '6.2% - في حدود ما قبل السكري', 'Ready'),
(6, 15,  'HbA1c',                       '2026-05-25', NULL, 'Pending'),

-- مريضة 7 - سمر جابر (نسائية)
(7, 17,  'Pap Smear',                   '2026-03-20', 'طبيعي - لا خلايا غير طبيعية', 'Ready'),
(7, 19,  'Pelvic Ultrasound',           '2026-05-26', NULL, 'Pending'),

-- مريض 8 - فراس العبادلة (جراحة)
(8, 11,  'CBC قبل العملية',             '2026-03-28', 'الهيموغلوبين 15.2، مؤشرات طبيعية، مناسب للجراحة', 'Ready'),
(8, 11,  'Coagulation Profile',         '2026-03-28', 'PT/PTT ضمن الطبيعي - تجلط الدم سليم', 'Ready'),
(8, 11,  'Liver Function Panel',        '2026-05-27', NULL, 'Pending'),

-- مريضة 9 - نور الجعفري (باطنية/سكري)
(9, 15,  'HbA1c',                       '2026-04-02', '8.1% - سكري غير متحكم به - تعديل العلاج', 'Ready'),
(9, 15,  'Thyroid Profile',             '2026-04-02', 'TSH 6.8 mIU/L - خمول درقية خفيف - متابعة', 'Ready'),
(9, 15,  'Fasting Blood Sugar',         '2026-05-28', NULL, 'Pending'),

-- مريض 10 - يوسف أبو حديد (عيون)
(10,22,  'Tonometry - ضغط عين',         '2026-04-05', 'العين اليمنى 16 mmHg، اليسرى 15 mmHg - طبيعي', 'Ready'),
(10,22,  'Visual Acuity Test',           '2026-04-05', 'اليمنى 6/9، اليسرى 6/12 - ضعف بصر بسيط', 'Ready'),

-- مريضة 11 - رنا الطميزي (نسائية - حمل)
(11,18,  'CBC - حمل',                   '2026-04-10', 'الهيموغلوبين 11.5 g/dL - فقر دم خفيف', 'Ready'),
(11,18,  'β-HCG',                       '2026-04-10', '85000 mIU/mL - الشهر الثامن - طبيعي', 'Ready'),
(11,17,  'Gestational Diabetes Screen', '2026-06-01', NULL, 'Pending'),

-- مريض 12 - إيهاب الرجبي (عظام)
(12,24,  'X-Ray Knee',                  '2026-04-12', 'تضيق في المفصل مع بداية تآكل غضروفي', 'Ready'),
(12,24,  'MRI Knee',                    '2026-04-12', 'تمزق جزئي في الغضروف الهلالي الداخلي', 'Ready'),

-- مريض 13 - خالد الشواورة (جراحة عظام)
(13,13,  'X-Ray Pelvis + Hip',          '2026-04-15', 'كسر قديم ملتئم، مفصل الورك سليم', 'Ready'),

-- مريضة 14 - هلا ربايعة (قلب)
(14, 3,  'ECG',                         '2026-04-18', 'إيقاع جيبي طبيعي - لا مؤشرات مرضية', 'Ready'),
(14, 3,  'Holter 24h',                  '2026-05-18', NULL, 'Pending'),

-- مريض 15 - محمود النمرة (أعصاب)
(15,30,  'MRI Brain',                   '2026-04-20', 'لا آفة ضاغطة واضحة - صداع نصفي وظيفي', 'Ready'),
(15,30,  'EEG',                         '2026-04-20', 'نشاط كهربائي طبيعي - لا نشاط صرعي', 'Ready'),

-- مرضى باقون
(16,28,  'Skin Biopsy',                 '2026-06-12', NULL, 'Pending'),
(17,25,  'X-Ray Spine L-S',             '2026-06-15', NULL, 'Pending'),
(18,18,  'Hysteroscopy Report',         '2026-06-18', NULL, 'Pending'),
(19, 9,  'H. pylori Breath Test',       '2026-06-20', NULL, 'Pending'),
(20,23,  'Fundoscopy Report',           '2026-06-22', NULL, 'Pending');

-- ============================================================
-- الفواتير
-- ============================================================
INSERT INTO Invoice (patient_id, issue_date, total_amount, status) VALUES
(1,  '2026-02-10',  490.00, 'Paid'),
(1,  '2026-03-18',  380.00, 'Paid'),
(2,  '2026-02-12',  215.00, 'Paid'),
(2,  '2026-03-05',  175.00, 'Paid'),
(3,  '2026-02-20',  370.00, 'Paid'),
(3,  '2026-04-08',  150.00, 'Paid'),
(4,  '2026-03-10',  785.00, 'Paid'),
(4,  '2026-04-07',  290.00, 'Paid'),
(5,  '2026-02-25', 2155.00, 'Paid'),
(6,  '2026-03-15',  312.00, 'Paid'),
(7,  '2026-03-20',  350.00, 'Paid'),
(8,  '2026-03-28',  555.00, 'Paid'),
(9,  '2026-04-02',  460.00, 'Paid'),
(10, '2026-04-05',  220.00, 'Paid'),
(11, '2026-04-10',  385.00, 'Paid'),
(12, '2026-04-12', 1400.00, 'Paid'),
(13, '2026-04-15',  185.00, 'Paid'),
(14, '2026-04-18',  250.00, 'Paid'),
(15, '2026-04-20',  495.00, 'Paid'),
-- فواتير معلقة لمرضى قادمين
(1,  '2026-05-17',  380.00, 'Unpaid'),
(5,  '2026-05-17',  155.00, 'Unpaid'),
(8,  '2026-05-17', 4900.00, 'Unpaid'),
(11, '2026-05-17',  155.00, 'Unpaid');

-- ============================================================
-- بنود الفواتير
-- ============================================================
INSERT INTO InvoiceItem (invoice_id, service_id, qty, unit_price, line_total) VALUES
(1,  3,  1,  420.00,  420.00),
(1,  2,  1,   70.00,   70.00),
(2,  5,  1,  380.00,  380.00),
(3,  10, 1,  130.00,  130.00),
(3,  12, 1,   85.00,   85.00),
(4,  10, 1,  130.00,  130.00),
(4,  51, 1,   85.00,   85.00), -- CRP test
(5,  37, 1,  150.00,  150.00),
(5,  44, 1,   95.00,   95.00), -- HbA1c
(5,  42, 1,   60.00,   60.00), -- CBC
(5,  43, 1,   42.00,   42.00), -- FBS
(6,  37, 1,  150.00,  150.00),
(7,  24, 1,  620.00,  620.00),
(7,  28, 1,  165.00,  165.00),
(8,  24, 1,  620.00,  620.00), -- endoscopy follow-up
(9,  62, 1,  155.00,  155.00), -- prenatal visit
(9,  63, 1,  230.00,  230.00), -- ultrasound
(9,  64, 1, 2000.00, 2000.00), -- normal delivery - approx future
(10, 37, 1,  150.00,  150.00),
(10, 44, 1,   95.00,   95.00), -- HbA1c
(10, 43, 1,   42.00,   42.00), -- FBS
(11, 64, 1,  165.00,  165.00), -- gynecology consult
(11, 66, 1,  185.00,  185.00), -- PAP smear
(12, 29, 1,  185.00,  185.00), -- surgical consult
(12, 42, 1,   60.00,   60.00), -- CBC
(12, 49, 1,  310.00,  310.00), -- coagulation approx
(13, 38, 1,  125.00,  125.00),
(13, 44, 1,   95.00,   95.00),
(13, 48, 1,  105.00,  105.00), -- vit D / other
(13, 43, 1,   42.00,   42.00),
(14, 70, 1,  140.00,  140.00), -- eye exam
(14, 71, 1,   80.00,   80.00), -- tonometry
(15, 62, 1,  155.00,  155.00), -- prenatal
(15, 63, 1,  230.00,  230.00), -- ultrasound
(16, 75, 1, 1200.00, 1200.00), -- MRI knee
(16, 16, 1,   80.00,   80.00), -- x-ray
(16, 80, 1,  120.00,  120.00), -- consult ortho
(17, 29, 1,  185.00,  185.00), -- surgical consult
(18, 1,  1,  180.00,  180.00), -- cardio consult
(18, 2,  1,   70.00,   70.00), -- ECG
(19, 81, 1,  175.00,  175.00), -- neuro consult
(19, 82, 1,  320.00,  320.00), -- EEG
(20, 5,  1,  380.00,  380.00), -- Holter upcoming
(21, 62, 1,  155.00,  155.00),
(22, 29, 1, 4900.00, 4900.00), -- cholecystectomy upcoming
(23, 62, 1,  155.00,  155.00);

-- ============================================================
-- التأمينات الصحية
-- ============================================================
INSERT INTO InsuranceProvider (name, phone) VALUES
('القدس للتأمين الصحي',        '022229999'),
('المستقبل للتأمين',           '022228888'),
('الوطنية للرعاية الصحية',     '022227777'),
('غلوب مد فلسطين',            '022226666'),
('فلسطين للتأمين',             '022225555'),
('التكافل الفلسطينية',         '022224444'),
('سمارت هيلث',                 '022223333');

INSERT INTO InsurancePolicy (patient_id, provider_id, policy_number, coverage_details, valid_from, valid_to) VALUES
(1,  1, 'QUDS-2026-001',      'يغطي الاستشارات والفحوصات القلبية بنسبة 80%، حد أقصى 20000 شيكل سنوياً',            '2026-01-01', '2026-12-31'),
(2,  2, 'MUSTAQBAL-2026-041', 'يغطي زيارات الأطفال والفحوصات الأساسية بنسبة 90%، مع تغطية التطعيمات كاملاً',       '2026-02-01', '2026-11-30'),
(3,  4, 'GLOBEMED-2026-112',  'تغطية شاملة للباطنية والتحاليل 75%، حد أقصى 15000 شيكل',                            '2026-01-15', '2026-12-31'),
(4,  5, 'PAL-INS-2026-309',   'يغطي فحوصات الجهاز الهضمي والتنظير بنسبة 70%',                                      '2026-01-01', '2026-12-31'),
(5,  3, 'WATANIA-2026-113',   'يغطي خدمات النسائية والولادة الطبيعية بنسبة 70%، والقيصرية 60%',                    '2026-03-01', '2026-12-31'),
(6,  6, 'TAKAFUL-2026-207',   'تغطية أمراض مزمنة (سكري، ضغط) بنسبة 85%، حد أقصى 12000 شيكل',                     '2026-01-01', '2026-12-31'),
(7,  7, 'SMART-2026-088',     'تغطية النسائية والفحوصات الوقائية 80%',                                              '2026-02-15', '2026-12-31'),
(8,  1, 'QUDS-2026-055',      'يغطي الجراحات العامة والمناظير بنسبة 75%، حد أقصى 25000 شيكل',                      '2026-01-01', '2026-12-31'),
(9,  4, 'GLOBEMED-2026-330',  'تغطية السكري والغدد الصماء 80%',                                                     '2026-01-01', '2026-12-31'),
(12, 2, 'MUSTAQBAL-2026-188', 'يغطي العظام والمفاصل والجراحات التقويمية بنسبة 70%',                                 '2026-03-01', '2026-12-31'),
(14, 5, 'PAL-INS-2026-412',   'تغطية أمراض القلب والأوعية الدموية 80%',                                             '2026-02-01', '2026-12-31'),
(15, 6, 'TAKAFUL-2026-503',   'تغطية الأمراض العصبية المزمنة والمتابعة 75%',                                        '2026-01-01', '2026-12-31');

-- ============================================================
-- ملاحظات وشكاوى المرضى
-- ============================================================
INSERT INTO Feedback (patient_id, type, message, status, created_at) VALUES
(1,   'Feedback',   'الشات بوت سهّل عليي حجز الموعد بدون ما أتصل. تجربة ممتازة.', 'Closed',   '2026-03-19 12:00:00'),
(2,   'Feedback',   'دكتور باسل الغروز ممتاز مع الأطفال، شكراً لمستشفى الأهلي.',  'Closed',   '2026-02-13 14:30:00'),
(3,   'Complaint',  'انتظرت أكثر من نصف ساعة على موعدي مع الدكتور. آمل التحسين.', 'InReview', '2026-04-09 10:15:00'),
(4,   'Feedback',   'نتائج التنظير وصلتني سريعاً على الإيميل. خدمة احترافية.',     'Closed',   '2026-04-08 16:00:00'),
(5,   'Feedback',   'متابعة الحمل مع الدكتور بسام ممتازة، أشعر بالاطمئنان دائماً.','Closed',  '2026-03-26 09:45:00'),
(NULL,'Feedback',   'واجهة الشات بوت سهلة وسريعة، تستحق الإشادة.',                 'New',      '2026-04-10 11:00:00'),
(6,   'Complaint',  'صعوبة في الحصول على موعد في قسم الباطنية، المواعيد تمتد لأسبوعين.','InReview','2026-04-15 13:30:00'),
(7,   'Feedback',   'قسم النسائية خدمته ممتازة والأطباء لطيفون جداً.',              'Closed',   '2026-03-21 11:00:00'),
(8,   'Feedback',   'تجربة جيدة في قسم الجراحة، المتابعة ما قبل العملية كانت شاملة.','Closed', '2026-04-01 10:00:00'),
(10,  'Feedback',   'الدكتورة لينا في العيون متمكنة جداً وشرحت الحالة بوضوح.',     'Closed',   '2026-04-06 15:30:00');

-- ============================================================
-- تذكيرات المواعيد
-- ============================================================
INSERT INTO Reminder (patient_id, reminder_type, message, remind_at, sent_flag) VALUES
(1,  'Appointment', 'تذكير: لديك موعد مع د. أنس يحيى شاور بتاريخ 2026-05-20 الساعة 09:00 في مركز القلب.',   '2026-05-19 18:00:00', 0),
(2,  'Appointment', 'تذكير: موعد د. رنا جابر لفحص طفلك غداً الساعة 10:30 - قسم الأطفال الطابق الثاني.',     '2026-05-19 19:00:00', 0),
(3,  'Appointment', 'تذكير: موعدك مع د. أمجد النتشة بتاريخ 2026-05-21 الساعة 11:00 في قسم الباطنية.',       '2026-05-20 18:00:00', 0),
(4,  'Appointment', 'تذكير: تنظير القولون مع د. أحمد أبو عياش بتاريخ 2026-05-22 الساعة 13:00.',              '2026-05-21 18:00:00', 0),
(5,  'Appointment', 'تذكير: متابعة الحمل مع د. بسام ناصر الدين بتاريخ 2026-05-23 الساعة 12:00.',             '2026-05-22 18:30:00', 0),
(5,  'Medication',  'تذكير: يرجى أخذ حبة الحديد يومياً بعد وجبة الغداء.',                                   '2026-05-19 13:00:00', 1),
(6,  'Appointment', 'تذكير: موعد متابعة السكري مع د. سلوى نزال بتاريخ 2026-05-25 الساعة 09:00.',             '2026-05-24 18:00:00', 0),
(8,  'Appointment', 'تذكير: موعد عملية الفتق مع د. باسم الجعفري بتاريخ 2026-05-27 الساعة 14:00.',            '2026-05-26 18:00:00', 0),
(11, 'Appointment', 'تذكير: متابعة الحمل مع د. بسام ناصر الدين بتاريخ 2026-06-01 الساعة 11:00.',             '2026-05-31 18:00:00', 0),
(3,  'Medication',  'تذكير: قياس السكر صباحاً قبل الإفطار ودوّن النتيجة.',                                   '2026-05-19 06:30:00', 1),
(15, 'Appointment', 'تذكير: متابعة الصداع النصفي مع د. ناصر الشيوخي بتاريخ 2026-06-10 الساعة 10:30.',       '2026-06-09 18:00:00', 0),
(12, 'Appointment', 'تذكير: متابعة حقن مفصل الركبة مع د. محمد النتشة بتاريخ 2026-06-03 الساعة 09:00.',      '2026-06-02 18:00:00', 0);

-- ============================================================
-- تحقق من البيانات
-- ============================================================
SELECT 'Departments'      AS table_name, COUNT(*) AS total_rows FROM Department
UNION ALL SELECT 'Doctors',       COUNT(*) FROM Doctor
UNION ALL SELECT 'Patients',      COUNT(*) FROM Patient
UNION ALL SELECT 'Services',      COUNT(*) FROM Service
UNION ALL SELECT 'Appointments',  COUNT(*) FROM Appointment
UNION ALL SELECT 'LabTests',      COUNT(*) FROM LabTest
UNION ALL SELECT 'Invoices',      COUNT(*) FROM Invoice
UNION ALL SELECT 'Feedback',      COUNT(*) FROM Feedback
UNION ALL SELECT 'Reminders',     COUNT(*) FROM Reminder
UNION ALL SELECT 'InsurancePolicies', COUNT(*) FROM InsurancePolicy;
